<?xml version="1.0" encoding="UTF-8"?>
<serviceTemplates syntaxversion="2.1.0.0" xmlns="http://www.n-able.com"
    xmlns:xsi="http://www.w3.org/2001/XMLSchema-instance" xsi:schemaLocation="http://www.n-able.com file:///servicetemplate_v2_1_0_0.xsd">
    <serviceTemplate id="-1" version="2.1.0.0">
        <name>Windows Support Status - Laptops</name>
        <description>Wrapper for Get-WindowsSupportStatus (PS)

Lookup device Windows OS support statuses against endoflife.date if applicable (non Insider build) with failover to NC Repo.
Insider builds get looked up against the flight hub</description>
        <deviceClass>Laptop - Windows</deviceClass>
        <removesServices>false</removesServices>
        <services>
            <service autoReapply="false" id="175965"
                isCustomService="true" name="Windows Support Status">
                <configurationName>Windows Support Status</configurationName>
                <action actionId="2"/>
                <parameters>
                    <parameter key="BackupWindowsDesktopURL"
                        parameterId="397441249" type="2"
                        useAssetInfo="false" useDefaultValue="true" value="https://&lt;nc server url>/download/repository/&lt;GUID>/windows.json"/>
                    <parameter key="serviceIdentifier"
                        parameterId="615922062" type="2"
                        useAssetInfo="false" useDefaultValue="true" value=""/>
                    <parameter key="WindowsServerURL"
                        parameterId="961799057" type="2"
                        useAssetInfo="false" useDefaultValue="true" value="https://endoflife.date/api/windowsserver.json"/>
                    <parameter key="scan_interval"
                        parameterId="997641376" type="2"
                        useAssetInfo="false" useDefaultValue="true" value="0 3 0/4 * * ? *"/>
                    <parameter key="BakupWindowsServerOSURL"
                        parameterId="1156434474" type="2"
                        useAssetInfo="false" useDefaultValue="true" value="https://&lt;nc server url>/download/repository/&lt;GUID>/windowsserver.json"/>
                    <parameter key="WindowsDesktopURL"
                        parameterId="1236958629" type="2"
                        useAssetInfo="false" useDefaultValue="true" value="https://endoflife.date/api/windows.json"/>
                </parameters>
                <thresholds>
                    <threshold detailName="SD175965_OSOut"
                        monitoringType="Default" taskState="3"
                        valueHigh="0" valueLow="0" valueString="N/A" valueStringEval="contain"/>
                    <threshold detailName="SD175965_OSOut"
                        monitoringType="Default" taskState="4"
                        valueHigh="1" valueLow="1" valueString="N/A" valueStringEval="contain"/>
                    <threshold detailName="SD175965_ReleaseDateOut"
                        monitoringType="Default" taskState="3"
                        valueHigh="0" valueLow="0" valueString="N/A" valueStringEval="contain"/>
                    <threshold detailName="SD175965_ReleaseDateOut"
                        monitoringType="Default" taskState="4"
                        valueHigh="1" valueLow="1" valueString="N/A" valueStringEval="contain"/>
                    <threshold detailName="SD175965_SupportURLOut"
                        monitoringType="Default" taskState="3"
                        valueHigh="0" valueLow="0" valueString="N/A" valueStringEval="contain"/>
                    <threshold detailName="SD175965_SupportURLOut"
                        monitoringType="Default" taskState="4"
                        valueHigh="1" valueLow="1" valueString="N/A" valueStringEval="contain"/>
                    <threshold
                        detailName="SD175965_windowsActiveSupportOut"
                        monitoringType="Default" taskState="3"
                        valueHigh="0" valueLow="0" valueString="FALSE" valueStringEval="contain"/>
                    <threshold
                        detailName="SD175965_windowsActiveSupportOut"
                        monitoringType="Default" taskState="4"
                        valueHigh="1" valueLow="1" valueString="FALSE" valueStringEval="contain"/>
                    <threshold
                        detailName="SD175965_windowsSecuritySupportOut"
                        monitoringType="Default" taskState="3"
                        valueHigh="0" valueLow="0" valueString="FALSE" valueStringEval="contain"/>
                    <threshold
                        detailName="SD175965_windowsSecuritySupportOut"
                        monitoringType="Default" taskState="5"
                        valueHigh="1" valueLow="1" valueString="FALSE" valueStringEval="contain"/>
                </thresholds>
                <selfHealing>
                    <selfHealingProperty
                        key="retryMonitoringBeforeSelfHeal" value="false"/>
                    <selfHealingProperty key="executeSelfHeal" value="false"/>
                    <selfHealingProperty
                        key="retryMonitoringIntervalAfterSelfHeal" value="10"/>
                    <selfHealingProperty
                        key="retryMonitoringCountAfterSelfHeal" value="3"/>
                    <selfHealingProperty key="selectedAutomationPolicy" value=""/>
                    <selfHealingProperty key="notificationType" value="FollowStandardNotificationRules"/>
                    <selfHealingProperty
                        key="retryMonitoringCountBeforeSelfHeal" value="3"/>
                    <selfHealingProperty key="waitIntervalAfterSelfHeal" value="3"/>
                    <selfHealingProperty key="selectedStatuses" value=""/>
                    <selfHealingProperty
                        key="retryMonitoringIntervalBeforeSelfHeal" value="10"/>
                </selfHealing>
            </service>
        </services>
    </serviceTemplate>
</serviceTemplates>
